Show_Name,startYear,Episode_Name,seasonNumber,episodeNumber_in_season,episodeNumber_overall,averageRating,numVotes
Grey's Anatomy,2005,A Hard Day's Night,1,1,1,8.3,2608
Grey's Anatomy,2005,The First Cut Is the Deepest,1,2,2,8.1,1817
Grey's Anatomy,2005,Winning a Battle Losing the War,1,3,3,8,1687
Grey's Anatomy,2005,No Man's Land,1,4,4,8,1599
Grey's Anatomy,2005,Shake Your Groove Thing,1,5,5,8.1,1546
Grey's Anatomy,2005,If Tomorrow Never Comes,1,6,6,8.1,1489
Grey's Anatomy,2005,The Self-Destruct Button,1,7,7,8.1,1469
Grey's Anatomy,2005,Save Me,1,8,8,8,1451
Grey's Anatomy,2005,Who's Zoomin' Who?,1,9,9,8.6,1653
Grey's Anatomy,2005,Raindrops Keep Falling on My Head,2,1,10,8.3,1493
Grey's Anatomy,2005,Enough Is Enough,2,2,11,8.1,1361
Grey's Anatomy,2005,Make Me Lose Control,2,3,12,8.6,1502
Grey's Anatomy,2005,Deny Deny Deny,2,4,13,8.4,1414
Grey's Anatomy,2005,Bring the Pain,2,5,14,8.5,1418
Grey's Anatomy,2005,Into You Like a Train,2,6,15,9,1923
Grey's Anatomy,2005,Something to Talk About,2,7,16,8.1,1279
Grey's Anatomy,2005,Let It Be,2,8,17,7.9,1259
Grey's Anatomy,2005,Thanks for the Memories,2,9,18,8.4,1330
Grey's Anatomy,2005,Much Too Much,2,10,19,8.1,1272
Grey's Anatomy,2005,Owner of a Lonely Heart,2,11,20,8.1,1247
Grey's Anatomy,2005,Grandma Got Run Over by a Reindeer,2,12,21,8.1,1259
Grey's Anatomy,2005,Begin the Begin,2,13,22,8.2,1309
Grey's Anatomy,2005,Tell Me Sweet Little Lies,2,14,23,7.9,1250
Grey's Anatomy,2005,Break on Through,2,15,24,8.3,1316
Grey's Anatomy,2005,It's the End of the World,2,16,25,9.4,2871
Grey's Anatomy,2005,As We Know It,2,17,26,9.4,2789
Grey's Anatomy,2005,Yesterday,2,18,27,8.3,1323
Grey's Anatomy,2005,What Have I Done to Deserve This?,2,19,28,8.1,1259
Grey's Anatomy,2005,Band-Aid Covers the Bullet Hole,2,20,29,8,1215
Grey's Anatomy,2005,Superstition,2,21,30,8.1,1209
Grey's Anatomy,2005,The Name of the Game,2,22,31,8.1,1227
Grey's Anatomy,2005,Blues for Sister Someone,2,23,32,7.9,1249
Grey's Anatomy,2005,Damage Case,2,24,33,8.4,1317
Grey's Anatomy,2005,17 Seconds,2,25,34,9,1701
Grey's Anatomy,2005,Deterioration of the Fight or Flight Response,2,26,35,9,1716
Grey's Anatomy,2005,Losing My Religion,2,27,36,9.3,2257
Grey's Anatomy,2005,Time Has Come Today,3,1,37,8.4,1591
Grey's Anatomy,2005,I Am a Tree,3,2,38,8.1,1203
Grey's Anatomy,2005,Sometimes a Fantasy,3,3,39,8.1,1218
Grey's Anatomy,2005,What I Am,3,4,40,8.2,1285
Grey's Anatomy,2005,Oh the Guilt,3,5,41,8,1142
Grey's Anatomy,2005,Let the Angels Commit,3,6,42,8,1551
Grey's Anatomy,2005,Where the Boys Are,3,7,43,8,1297
Grey's Anatomy,2005,Staring at the Sun,3,8,44,8,1254
Grey's Anatomy,2005,From a Whisper to a Scream,3,9,45,8.6,1453
Grey's Anatomy,2005,Don't Stand So Close to Me,3,10,46,8.1,1189
Grey's Anatomy,2005,Six Days: Part 1,3,11,47,8.3,1369
Grey's Anatomy,2005,Six Days: Part 2,3,12,48,8.6,1428
Grey's Anatomy,2005,Great Expectations,3,13,49,8.3,1205
Grey's Anatomy,2005,Wishin' and Hopin',3,14,50,8.5,1220
Grey's Anatomy,2005,Walk on Water,3,15,51,8.8,1500
Grey's Anatomy,2005,Drowning on Dry Land,3,16,52,9,1630
Grey's Anatomy,2005,Some Kind of Miracle,3,17,53,8.5,1629
Grey's Anatomy,2005,Scars and Souvenirs,3,18,54,8.2,1302
Grey's Anatomy,2005,My Favorite Mistake,3,19,55,8.1,1182
Grey's Anatomy,2005,Time After Time,3,20,56,8,1164
Grey's Anatomy,2005,Desire,3,21,57,8,1177
Grey's Anatomy,2005,The Other Side of This Life Part 1,3,22,58,7,1392
Grey's Anatomy,2005,The Other Side of This Life Part 2,3,23,59,7.2,1289
Grey's Anatomy,2005,Testing 1-2-3,3,24,60,8.4,1192
Grey's Anatomy,2005,Didn't We Almost Have It All?,3,25,61,8.7,1671
Grey's Anatomy,2005,A Change Is Gonna Come,4,1,62,8,1295
Grey's Anatomy,2005,Love/Addiction,4,2,63,7.8,1118
Grey's Anatomy,2005,Let the Truth Sting,4,3,64,8,1134
Grey's Anatomy,2005,The Heart of the Matter,4,4,65,8,1165
Grey's Anatomy,2005,Haunt You Every Day,4,5,66,7.9,1135
Grey's Anatomy,2005,Kung Fu Fighting,4,6,67,7.9,1079
Grey's Anatomy,2005,Physical Attraction... Chemical Reaction,4,7,68,7.8,1112
Grey's Anatomy,2005,Forever Young,4,8,69,8,1150
Grey's Anatomy,2005,Crash Into Me: Part 1,4,9,70,8.5,1269
Grey's Anatomy,2005,Crash Into Me: Part 2,4,10,71,8.4,1203
Grey's Anatomy,2005,Lay Your Hands on Me,4,11,72,8,1125
Grey's Anatomy,2005,Where the Wild Things Are,4,12,73,8,1085
Grey's Anatomy,2005,Piece of My Heart,4,13,74,8.2,1099
Grey's Anatomy,2005,The Becoming,4,14,75,8,1281
Grey's Anatomy,2005,Losing My Mind,4,15,76,8.1,1139
Grey's Anatomy,2005,Freedom: Part 1,4,16,77,8.6,1482
Grey's Anatomy,2005,Freedom: Part 2,4,17,78,8.8,1144
Grey's Anatomy,2005,Dream a Little Dream of Me: Part 1,5,1,79,8.2,1292
Grey's Anatomy,2005,Dream a Little Dream of Me: Part 2,5,2,80,8.2,939
Grey's Anatomy,2005,Here Comes the Flood,5,3,81,8.1,1186
Grey's Anatomy,2005,Brave New World,5,4,82,8.3,1286
Grey's Anatomy,2005,There's No 'I' in Team,5,5,83,8.3,1253
Grey's Anatomy,2005,Life During Wartime,5,6,84,8.2,1108
Grey's Anatomy,2005,Rise Up,5,7,85,8.3,1252
Grey's Anatomy,2005,These Ties That Bind,5,8,86,7.9,1299
Grey's Anatomy,2005,In the Midnight Hour,5,9,87,8.2,1299
Grey's Anatomy,2005,All by Myself,5,10,88,8.3,1270
Grey's Anatomy,2005,Wish You Were Here,5,11,89,8.1,1058
Grey's Anatomy,2005,Sympathy for the Devil,5,12,90,8.6,1381
Grey's Anatomy,2005,Stairway to Heaven,5,13,91,9,1651
Grey's Anatomy,2005,Beat Your Heart Out,5,14,92,8.3,1183
Grey's Anatomy,2005,Before and After,5,15,93,8.2,1044
Grey's Anatomy,2005,An Honest Mistake,5,16,94,8.6,1331
Grey's Anatomy,2005,I Will Follow You Into the Dark,5,17,95,8.6,1317
Grey's Anatomy,2005,Stand by Me,5,18,96,8.9,1404
Grey's Anatomy,2005,Elevator Love Letter,5,19,97,8.9,1479
Grey's Anatomy,2005,Sweet Surrender,5,20,98,8.6,1323
Grey's Anatomy,2005,No Good at Saying Sorry (One More Chance),5,21,99,8.3,1063
Grey's Anatomy,2005,What a Difference a Day Makes,5,22,100,9.1,1753
Grey's Anatomy,2005,Here's to Future Days,5,23,101,8.8,1452
Grey's Anatomy,2005,Now or Never,5,24,102,9.5,2778
Grey's Anatomy,2005,Good Mourning,6,1,103,8.4,1350
Grey's Anatomy,2005,Goodbye,6,2,104,8.2,1268
Grey's Anatomy,2005,I Always Feel Like Somebody's Watchin' Me,6,3,105,7.8,1019
Grey's Anatomy,2005,Tainted Obligation,6,4,106,8,1027
Grey's Anatomy,2005,Invasion,6,5,107,8.1,1058
Grey's Anatomy,2005,I Saw What I Saw,6,6,108,9,1738
Grey's Anatomy,2005,Give Peace a Chance,6,7,109,8.7,1246
Grey's Anatomy,2005,Invest in Love,6,8,110,8.4,1138
Grey's Anatomy,2005,New History,6,9,111,8.1,977
Grey's Anatomy,2005,Holidaze,6,10,112,8,1013
Grey's Anatomy,2005,Blink,6,11,113,8.1,974
Grey's Anatomy,2005,I Like You So Much Better When You're Naked,6,12,114,7.9,983
Grey's Anatomy,2005,State of Love and Trust,6,13,115,8.1,953
Grey's Anatomy,2005,Valentine's Day Massacre,6,14,116,8,943
Grey's Anatomy,2005,The Time Warp,6,15,117,8.9,1477
Grey's Anatomy,2005,Perfect Little Accident,6,16,118,8.1,962
Grey's Anatomy,2005,Push,6,17,119,7.9,960
Grey's Anatomy,2005,Suicide Is Painless,6,18,120,7.9,1005
Grey's Anatomy,2005,Sympathy for the Parents,6,19,121,7.9,944
Grey's Anatomy,2005,Hook Line and Sinner,6,20,122,7.7,917
Grey's Anatomy,2005,How Insensitive,6,21,123,8.1,960
Grey's Anatomy,2005,Shiny Happy People,6,22,124,8.2,1168
Grey's Anatomy,2005,Sanctuary,6,23,125,9.7,3209
Grey's Anatomy,2005,Death and All His Friends,6,24,126,9.7,3595
Grey's Anatomy,2005,With You I'm Born Again,7,1,127,7.9,1160
Grey's Anatomy,2005,Shock to the System,7,2,128,7.9,992
Grey's Anatomy,2005,Superfreak,7,3,129,7.8,971
Grey's Anatomy,2005,Can't Fight Biology,7,4,130,7.7,946
Grey's Anatomy,2005,Almost Grown,7,5,131,8,966
Grey's Anatomy,2005,These Arms of Mine,7,6,132,7.7,1380
Grey's Anatomy,2005,That's Me Trying,7,7,133,7.9,985
Grey's Anatomy,2005,Something's Gotta Give,7,8,134,7.9,962
Grey's Anatomy,2005,Slow Night So Long,7,9,135,8.1,992
Grey's Anatomy,2005,Adrift and at Peace,7,10,136,8.2,1114
Grey's Anatomy,2005,Disarm,7,11,137,8.6,1269
Grey's Anatomy,2005,Start Me Up,7,12,138,7.9,960
Grey's Anatomy,2005,Don't Deceive Me (Please Don't Go),7,13,139,7.9,944
Grey's Anatomy,2005,P.Y.T. (Pretty Young Thing),7,14,140,7.7,930
Grey's Anatomy,2005,Golden Hour,7,15,141,8.7,1193
Grey's Anatomy,2005,Not Responsible,7,16,142,7.8,920
Grey's Anatomy,2005,This Is How We Do It,7,17,143,8.1,988
Grey's Anatomy,2005,Song Beneath the Song,7,18,144,6.3,3929
Grey's Anatomy,2005,It's a Long Way Back,7,19,145,7.8,967
Grey's Anatomy,2005,White Wedding,7,20,146,7.9,992
Grey's Anatomy,2005,I Will Survive,7,21,147,7.9,896
Grey's Anatomy,2005,Unaccompanied Minor,7,22,148,8.2,1106
Grey's Anatomy,2005,Free Falling,8,1,149,8.1,1202
Grey's Anatomy,2005,She's Gone,8,2,150,8.3,1165
Grey's Anatomy,2005,Take the Lead,8,3,151,8.1,987
Grey's Anatomy,2005,What Is It About Men,8,4,152,8.2,1025
Grey's Anatomy,2005,Love Loss and Legacy,8,5,153,8.1,1024
Grey's Anatomy,2005,Poker Face,8,6,154,7.9,930
Grey's Anatomy,2005,Put Me in Coach,8,7,155,8.3,1011
Grey's Anatomy,2005,Heart-Shaped Box,8,8,156,8.4,1195
Grey's Anatomy,2005,Dark Was the Night,8,9,157,9.1,1624
Grey's Anatomy,2005,Suddenly,8,10,158,9,1469
Grey's Anatomy,2005,This Magic Moment,8,11,159,8.2,1052
Grey's Anatomy,2005,Hope for the Hopeless,8,12,160,8.3,1095
Grey's Anatomy,2005,If/Then,8,13,161,7.8,1559
Grey's Anatomy,2005,All You Need Is Love,8,14,162,8,927
Grey's Anatomy,2005,Have You Seen Me Lately?,8,15,163,7.9,945
Grey's Anatomy,2005,If Only You Were Lonely,8,16,164,8,1058
Grey's Anatomy,2005,One Step Too Far,8,17,165,7.9,914
Grey's Anatomy,2005,The Lion Sleeps Tonight,8,18,166,8,934
Grey's Anatomy,2005,Support System,8,19,167,8.1,1131
Grey's Anatomy,2005,The Girl with No Name,8,20,168,8.5,997
Grey's Anatomy,2005,Moment of Truth,8,21,169,8.4,1003
Grey's Anatomy,2005,Let the Bad Times Roll,8,22,170,8.5,1083
Grey's Anatomy,2005,Migration,8,23,171,8.6,1149
Grey's Anatomy,2005,Flight,8,24,172,8.8,1974
Grey's Anatomy,2005,Going Going Gone,9,1,173,8.5,1941
Grey's Anatomy,2005,Remember the Time,9,2,174,8.8,1493
Grey's Anatomy,2005,Love the One You're With,9,3,175,8.2,1074
Grey's Anatomy,2005,I Saw Her Standing There,9,4,176,8,948
Grey's Anatomy,2005,Beautiful Doom,9,5,177,8.5,1173
Grey's Anatomy,2005,Second Opinion,9,6,178,8.1,1109
Grey's Anatomy,2005,I Was Made for Lovin' You,9,7,179,8.1,1104
Grey's Anatomy,2005,Love Turns You Upside Down,9,8,180,8.1,956
Grey's Anatomy,2005,Run Baby Run,9,9,181,8.4,1082
Grey's Anatomy,2005,Things We Said Today,9,10,182,8.4,1100
Grey's Anatomy,2005,The End Is the Beginning Is the End,9,11,183,8.1,931
Grey's Anatomy,2005,Walking on a Dream,9,12,184,7.9,903
Grey's Anatomy,2005,Bad Blood,9,13,185,7.8,928
Grey's Anatomy,2005,The Face of Change,9,14,186,8.1,1021
Grey's Anatomy,2005,Hard Bargain,9,15,187,8.2,946
Grey's Anatomy,2005,This Is Why We Fight,9,16,188,8.5,1013
Grey's Anatomy,2005,Transplant Wasteland,9,17,189,8.1,961
Grey's Anatomy,2005,Idle Hands,9,18,190,7.8,932
Grey's Anatomy,2005,Can't Fight This Feeling,9,19,191,7.8,972
Grey's Anatomy,2005,She's Killing Me,9,20,192,7.9,905
Grey's Anatomy,2005,Sleeping Monster,9,21,193,7.8,867
Grey's Anatomy,2005,Do You Believe in Magic,9,22,194,7.7,984
Grey's Anatomy,2005,Readiness Is All,9,23,195,8.4,1005
Grey's Anatomy,2005,Perfect Storm,9,24,196,8.9,1393
Grey's Anatomy,2005,Seal Our Fate,10,1,197,8,1325
Grey's Anatomy,2005,I Want You with Me,10,2,198,7.8,1071
Grey's Anatomy,2005,Everybody's Crying Mercy,10,3,199,7.5,1028
Grey's Anatomy,2005,Puttin' on the Ritz,10,4,200,7.7,1000
Grey's Anatomy,2005,I Bet It Stung,10,5,201,7.5,1004
Grey's Anatomy,2005,Map of You,10,6,202,7.6,1022
Grey's Anatomy,2005,Thriller,10,7,203,7.2,1129
Grey's Anatomy,2005,Two Against One,10,8,204,7.3,989
Grey's Anatomy,2005,Sorry Seems to Be the Hardest Word,10,9,205,7.9,1102
Grey's Anatomy,2005,Somebody That I Used to Know,10,10,206,7.5,900
Grey's Anatomy,2005,Man on the Moon,10,11,207,7.6,894
Grey's Anatomy,2005,Get Up Stand Up,10,12,208,8.6,1259
Grey's Anatomy,2005,Take It Back,10,13,209,8.1,984
Grey's Anatomy,2005,You've Got to Hide Your Love Away,10,14,210,7.9,854
Grey's Anatomy,2005,Throwing It All Away,10,15,211,7.9,836
Grey's Anatomy,2005,We Gotta Get Out of This Place,10,16,212,7.7,906
Grey's Anatomy,2005,Do You Know?,10,17,213,7.2,1444
Grey's Anatomy,2005,You Be Illin',10,18,214,7.6,934
Grey's Anatomy,2005,I'm Winning,10,19,215,8,818
Grey's Anatomy,2005,Go It Alone,10,20,216,7.8,822
Grey's Anatomy,2005,Change of Heart,10,21,217,8.2,875
Grey's Anatomy,2005,We Are Never Ever Getting Back Together,10,22,218,8.7,1038
Grey's Anatomy,2005,Everything I Try to Do Nothing Seems to Turn Out Right,10,23,219,8.1,830
Grey's Anatomy,2005,Fear (of the Unknown),10,24,220,9.2,1797
Grey's Anatomy,2005,I Must Have Lost It on the Wind,11,1,221,7.6,1095
Grey's Anatomy,2005,Puzzle with a Piece Missing,11,2,222,7.6,1023
Grey's Anatomy,2005,Got to Be Real,11,3,223,7.6,888
Grey's Anatomy,2005,Only Mama Knows,11,4,224,8.2,1034
Grey's Anatomy,2005,Bend & Break,11,5,225,7.7,953
Grey's Anatomy,2005,Don't Let's Start,11,6,226,7.5,830
Grey's Anatomy,2005,Could We Start Again Please?,11,7,227,8,829
Grey's Anatomy,2005,Risk,11,8,228,8,882
Grey's Anatomy,2005,Where Do We Go From Here?,11,9,229,7.9,844
Grey's Anatomy,2005,The Bed's Too Big Without You,11,10,230,7.9,851
Grey's Anatomy,2005,All I Could Do Was Cry,11,11,231,8.5,1062
Grey's Anatomy,2005,The Great Pretender,11,12,232,7.8,819
Grey's Anatomy,2005,Staring at the End,11,13,233,8.3,1049
Grey's Anatomy,2005,The Distance,11,14,234,8.9,1408
Grey's Anatomy,2005,I Feel the Earth Move,11,15,235,7.8,891
Grey's Anatomy,2005,Don't Dream It's Over,11,16,236,8,834
Grey's Anatomy,2005,With or Without You,11,17,237,7.9,893
Grey's Anatomy,2005,When I Grow Up,11,18,238,8,855
Grey's Anatomy,2005,Crazy Love,11,19,239,7.5,951
Grey's Anatomy,2005,One Flight Down,11,20,240,7.8,860
Grey's Anatomy,2005,How to Save a Life,11,21,241,5.5,3331
Grey's Anatomy,2005,She's Leaving Home: Part 1,11,22,242,7.2,1428
Grey's Anatomy,2005,She's Leaving Home: Part 2,11,23,243,7.9,800
Grey's Anatomy,2005,Time Stops,11,24,244,8.1,1070
Grey's Anatomy,2005,You're My Home,11,25,245,8.2,1052
Grey's Anatomy,2005,Sledgehammer,12,1,246,8.2,1333
Grey's Anatomy,2005,Walking Tall,12,2,247,7.8,878
Grey's Anatomy,2005,I Choose You,12,3,248,8.1,992
Grey's Anatomy,2005,Old Time Rock and Roll,12,4,249,8.4,1127
Grey's Anatomy,2005,Guess Who's Coming to Dinner,12,5,250,8.9,1513
Grey's Anatomy,2005,The Me Nobody Knows,12,6,251,7.8,805
Grey's Anatomy,2005,Something Against You,12,7,252,7.7,780
Grey's Anatomy,2005,Things We Lost in the Fire,12,8,253,8.4,1033
Grey's Anatomy,2005,The Sound of Silence,12,9,254,9.2,2153
Grey's Anatomy,2005,All I Want Is You,12,10,255,8.1,951
Grey's Anatomy,2005,Unbreak My Heart,12,11,256,7.2,1293
Grey's Anatomy,2005,My Next Life,12,12,257,8.1,930
Grey's Anatomy,2005,All Eyez on Me,12,13,258,7.6,982
Grey's Anatomy,2005,Odd Man Out,12,14,259,8,836
Grey's Anatomy,2005,I Am Not Waiting Anymore,12,15,260,8,906
Grey's Anatomy,2005,When It Hurts So Bad,12,16,261,7.7,780
Grey's Anatomy,2005,I Wear the Face,12,17,262,7.6,768
Grey's Anatomy,2005,There's a Fine Fine Line,12,18,263,8.6,952
Grey's Anatomy,2005,It's Alright Ma (I'm Only Bleeding),12,19,264,8.1,865
Grey's Anatomy,2005,Trigger Happy,12,20,265,7.9,903
Grey's Anatomy,2005,You're Gonna Need Someone on Your Side,12,21,266,8,949
Grey's Anatomy,2005,Mama Tried,12,22,267,8.5,1011
Grey's Anatomy,2005,At Last,12,23,268,8.1,1010
Grey's Anatomy,2005,Family Affair,12,24,269,8.7,1142
Grey's Anatomy,2005,Undo,13,1,270,8,1055
Grey's Anatomy,2005,Catastrophe and the Cure,13,2,271,7.6,813
Grey's Anatomy,2005,I Ain't No Miracle Worker,13,3,272,8,790
Grey's Anatomy,2005,Falling Slowly,13,4,273,7.7,766
Grey's Anatomy,2005,Both Sides Now,13,5,274,7.8,762
Grey's Anatomy,2005,Roar,13,6,275,8.2,809
Grey's Anatomy,2005,Why Try to Change Me Now,13,7,276,7.6,814
Grey's Anatomy,2005,The Room Where It Happens,13,8,277,7,1628
Grey's Anatomy,2005,You Haven't Done Nothin',13,9,278,8.4,942
Grey's Anatomy,2005,You Can Look (But You'd Better Not Touch),13,10,279,7.7,1258
Grey's Anatomy,2005,Jukebox Hero,13,11,280,7.4,910
Grey's Anatomy,2005,None of Your Business,13,12,281,7.5,885
Grey's Anatomy,2005,It Only Gets Much Worse,13,13,282,8,801
Grey's Anatomy,2005,Back Where You Belong,13,14,283,7.5,855
Grey's Anatomy,2005,Civil War,13,15,284,7.1,878
Grey's Anatomy,2005,Who Is He (And What Is He to You)?,13,16,285,7.3,1154
Grey's Anatomy,2005,'Till I Hear It from You,13,17,286,8,927
Grey's Anatomy,2005,Be Still My Soul,13,18,287,8.3,1076
Grey's Anatomy,2005,What's Inside,13,19,288,7.7,784
Grey's Anatomy,2005,In the Air Tonight,13,20,289,7.9,1324
Grey's Anatomy,2005,Don't Stop Me Now,13,21,290,7.6,790
Grey's Anatomy,2005,Leave It Inside,13,22,291,7.7,768
Grey's Anatomy,2005,True Colors,13,23,292,8.7,1115
Grey's Anatomy,2005,Ring of Fire,13,24,293,8.6,1224
Grey's Anatomy,2005,Break Down the House,14,1,294,8.1,1197
Grey's Anatomy,2005,Get Off on the Pain,14,2,295,8.1,1047
Grey's Anatomy,2005,Go Big or Go Home,14,3,296,8.2,1004
Grey's Anatomy,2005,Ain't That a Kick in the Head,14,4,297,8.2,1044
Grey's Anatomy,2005,Danger Zone,14,5,298,7.3,1234
Grey's Anatomy,2005,Come on Down to My Boat Baby,14,6,299,8,1094
Grey's Anatomy,2005,Who Lives Who Dies Who Tells Your Story,14,7,300,9.1,1820
Grey's Anatomy,2005,Out of Nowhere,14,8,301,8.5,1255
Grey's Anatomy,2005,1-800-799-7233,14,9,302,8.7,1430
Grey's Anatomy,2005,Personal Jesus,14,10,303,8.8,1772
Grey's Anatomy,2005,(Don't Fear) the Reaper,14,11,304,8.2,1205
Grey's Anatomy,2005,Harder Better Faster Stronger,14,12,305,7.5,798
Grey's Anatomy,2005,You Really Got a Hold on Me,14,13,306,7.4,769
Grey's Anatomy,2005,Games People Play,14,14,307,7.7,798
Grey's Anatomy,2005,Old Scars Future Hearts,14,15,308,7.8,790
Grey's Anatomy,2005,Caught Somewhere in Time,14,16,309,7.3,756
Grey's Anatomy,2005,One Day Like This,14,17,310,8.2,999
Grey's Anatomy,2005,Hold Back The River,14,18,311,7.7,708
Grey's Anatomy,2005,Beautiful Dreamer,14,19,312,7.7,730
Grey's Anatomy,2005,Judgment Day,14,20,313,8.3,968
Grey's Anatomy,2005,Bad Reputation,14,21,314,7.8,715
Grey's Anatomy,2005,Fight For Your Mind,14,22,315,7.8,728
Grey's Anatomy,2005,Cold As Ice,14,23,316,8.9,1102
Grey's Anatomy,2005,All of Me,14,24,317,8.5,1062
Grey's Anatomy,2005,With a Wonder and a Wild Desire,15,1,318,7.8,989
Grey's Anatomy,2005,Broken Together,15,2,319,7.9,899
Grey's Anatomy,2005,Gut Feeling,15,3,320,7.6,853
Grey's Anatomy,2005,Momma Knows Best,15,4,321,7.9,865
Grey's Anatomy,2005,Everyday Angel,15,5,322,7.6,814
Grey's Anatomy,2005,Flowers Grow Out Of My Grave,15,6,323,8.4,1022
Grey's Anatomy,2005,Anybody Have a Map?,15,7,324,8,894
Grey's Anatomy,2005,Blowin' in the Wind,15,8,325,8.5,1104
Grey's Anatomy,2005,Shelter From the Storm,15,9,326,8.2,848
Grey's Anatomy,2005,Help I'm Alive,15,10,327,7.7,785
Grey's Anatomy,2005,The Winner Takes It All,15,11,328,8.2,879
Grey's Anatomy,2005,Girlfriend in a Coma,15,12,329,8.2,886
Grey's Anatomy,2005,I Walk The Line,15,13,330,7.7,830
Grey's Anatomy,2005,I Want a New Drug,15,14,331,8.1,833
Grey's Anatomy,2005,We Didn't Start the Fire,15,15,332,7.9,839
Grey's Anatomy,2005,Blood and Water,15,16,333,7.3,782
Grey's Anatomy,2005,And Dream of Sheep,15,17,334,7.3,760
Grey's Anatomy,2005,Add It Up,15,18,335,7.3,767
Grey's Anatomy,2005,Silent All These Years,15,19,336,9.5,2672
Grey's Anatomy,2005,The Whole Package,15,20,337,7.7,768
Grey's Anatomy,2005,Good Shepherd,15,21,338,8.2,897
Grey's Anatomy,2005,Head Over High Heels,15,22,339,7.7,753
Grey's Anatomy,2005,What I Did For Love,15,23,340,7.8,805
Grey's Anatomy,2005,Drawn to the Blood,15,24,341,8.3,877
Grey's Anatomy,2005,Jump Into the Fog,15,25,342,8.1,853
Grey's Anatomy,2005,Nothing Left to Cling To,16,1,343,7.4,772
Grey's Anatomy,2005,Back in the Saddle,16,2,344,7.5,664
Grey's Anatomy,2005,Reunited,16,3,345,7.6,712
Grey's Anatomy,2005,It's Raining Men,16,4,346,7.7,625
Grey's Anatomy,2005,Breathe Again,16,5,347,7.7,644
Grey's Anatomy,2005,Whistlin' Past the Graveyard,16,6,348,7.7,620
Grey's Anatomy,2005,Papa Don't Preach,16,7,349,7.8,653
Grey's Anatomy,2005,My Shot,16,8,350,9,1202
Grey's Anatomy,2005,Let's All Go to the Bar,16,9,351,8,701
Grey's Anatomy,2005,Help Me Through the Night,16,10,352,7.6,620
Grey's Anatomy,2005,A Hard Pill to Swallow,16,11,353,7.5,602
Grey's Anatomy,2005,The Last Supper,16,12,354,6.2,866
Grey's Anatomy,2005,Save the Last Dance for Me,16,13,355,7.4,608
Grey's Anatomy,2005,A Diagnosis,16,14,356,7.4,595
Grey's Anatomy,2005,Snowblind,16,15,357,7.5,603
Grey's Anatomy,2005,Leave a Light On,16,16,358,4.4,2355
Grey's Anatomy,2005,Life on Mars?,16,17,359,7,592
Grey's Anatomy,2005,Give a Little Bit,16,18,360,7.7,627
Grey's Anatomy,2005,Love of My Life,16,19,361,6.8,804
Grey's Anatomy,2005,Sing It Again,16,20,362,7.9,596
Grey's Anatomy,2005,Put on a Happy Face,16,21,363,8.2,695
Grey's Anatomy,2005,All Tomorrow's Parties,17,1,364,7.7,1090
Grey's Anatomy,2005,The Center Won't Hold,17,2,365,8.1,1073
Grey's Anatomy,2005,My Happy Ending,17,3,366,7.7,850
Grey's Anatomy,2005,You'll Never Walk Alone,17,4,367,7.8,888
Grey's Anatomy,2005,Fight the Power,17,5,368,7.3,872
Grey's Anatomy,2005,No Time for Despair,17,6,369,6.9,849
Grey's Anatomy,2005,Helplessly Hoping,17,7,370,7.3,834
Grey's Anatomy,2005,It's All Too Much,17,8,371,7.9,780
Grey's Anatomy,2005,In My Life,17,9,372,5.2,1329
Grey's Anatomy,2005,Breathe,17,10,373,7.8,785
Grey's Anatomy,2005,Sorry Doesn't Always Make It Right,17,11,374,7.1,613
Grey's Anatomy,2005,Sign O' the Times,17,12,375,6.3,1045
Grey's Anatomy,2005,Good as Hell,17,13,376,7.9,831
Grey's Anatomy,2005,Look Up Child,17,14,377,6.8,757
Grey's Anatomy,2005,Tradition,17,15,378,7.7,603
Grey's Anatomy,2005,I'm Still Standing,17,16,379,7.1,505
Grey's Anatomy,2005,Someone Saved My Life Tonight,17,17,380,7.3,583
Grey's Anatomy,2005,Here Comes the Sun,18,1,381,7.2,706
Grey's Anatomy,2005,Some Kind of Tomorrow,18,2,382,7.1,519
Grey's Anatomy,2005,Hotter Than Hell,18,3,383,8.2,640
Grey's Anatomy,2005,With a Little Help from My Friends,18,4,384,7.5,453
Grey's Anatomy,2005,Bottle Up and Explode!,18,5,385,7.7,467
Grey's Anatomy,2005,Every Day Is a Holiday (With You),18,6,386,7.2,416
Grey's Anatomy,2005,Today Was a Fairytale,18,7,387,7.3,399
Grey's Anatomy,2005,It Came Upon a Midnight Clear,18,8,388,7.4,500
Grey's Anatomy,2005,No Time to Die,18,9,389,7.4,398
Grey's Anatomy,2005,Living in a House Divided,18,10,390,7.4,355
Grey's Anatomy,2005,Legacy,18,11,391,7.3,344
Grey's Anatomy,2005,The Makings of You,18,12,392,5.7,498
Grey's Anatomy,2005,Put the Squeeze on Me,18,13,393,7.3,344
Grey's Anatomy,2005,Road Trippin',18,14,394,7.2,330
Grey's Anatomy,2005,Put It to the Test,18,15,395,7.9,371
Grey's Anatomy,2005,Should I Stay or Should I Go,18,16,396,7.2,334
Grey's Anatomy,2005,I'll Cover You,18,17,397,7.3,311
Grey's Anatomy,2005,Stronger Than Hate,18,18,398,7.7,333
Grey's Anatomy,2005,Out for Blood,18,19,399,7.7,330
Grey's Anatomy,2005,You Are the Blood,18,20,400,8.7,633
Grey's Anatomy,2005,Everything Has Changed,19,1,401,8.1,351
Grey's Anatomy,2005,Wasn't Expecting That,19,2,402,7.7,200
Grey's Anatomy,2005,Let's Talk About Sex,19,3,403,7.2,386
Grey's Anatomy,2005,Haunted,19,4,404,7.4,59
